"HH_CU_Q","hhid","hhid_","newid"
1,.,"A",778511
1,.,"A",778521
1,.,"A",778522
1,.,"A",778531
1,.,"A",778532
1,.,"A",778541
1,.,"A",778542
1,.,"A",778551
1,.,"A",778552
1,.,"A",778561
1,.,"A",778562
1,.,"A",778571
1,.,"A",778572
1,.,"A",778581
1,.,"A",778582
1,.,"A",778591
1,.,"A",778592
1,.,"A",778601
1,.,"A",778602
1,.,"A",778611
1,.,"A",778612
1,.,"A",778621
1,.,"A",778622
1,.,"A",778631
1,.,"A",778632
1,.,"A",778641
1,.,"A",778642
1,.,"A",778651
1,.,"A",778652
1,.,"A",778661
1,.,"A",778662
1,.,"A",778671
1,.,"A",778672
1,.,"A",778681
1,.,"A",778682
1,.,"A",778691
1,.,"A",778692
1,.,"A",778701
1,.,"A",778702
1,.,"A",778711
1,.,"A",778712
1,.,"A",778721
1,.,"A",778722
1,.,"A",778731
1,.,"A",778732
1,.,"A",778742
1,.,"A",778751
1,.,"A",778752
1,.,"A",778761
1,.,"A",778762
1,.,"A",778772
1,.,"A",778781
1,.,"A",778782
1,.,"A",778791
1,.,"A",778792
1,.,"A",778801
1,.,"A",778802
1,.,"A",778811
1,.,"A",778812
1,.,"A",778821
1,.,"A",778822
1,.,"A",778831
1,.,"A",778832
1,.,"A",778841
1,.,"A",778842
1,.,"A",778851
1,.,"A",778852
1,.,"A",778861
1,.,"A",778862
1,.,"A",778871
1,.,"A",778872
1,.,"A",778881
1,.,"A",778882
1,.,"A",778891
1,.,"A",778892
1,.,"A",778901
1,.,"A",778902
8,3,"D",778911
8,25,"D",778912
1,.,"A",778921
1,.,"A",778922
1,.,"A",778931
1,.,"A",778932
1,.,"A",778941
1,.,"A",778942
1,.,"A",778951
1,.,"A",778952
1,.,"A",778961
1,.,"A",778962
1,.,"A",778971
1,.,"A",778972
1,.,"A",778981
1,.,"A",778982
1,.,"A",778991
1,.,"A",778992
1,.,"A",779001
1,.,"A",779002
1,.,"A",779011
1,.,"A",779012
1,.,"A",779021
1,.,"A",779022
1,.,"A",779031
1,.,"A",779032
1,.,"A",779042
1,.,"A",779051
1,.,"A",779052
1,.,"A",779061
1,.,"A",779062
1,.,"A",779071
1,.,"A",779072
1,.,"A",779081
8,3,"D",779091
8,25,"D",779092
1,.,"A",779101
1,.,"A",779102
1,.,"A",779111
1,.,"A",779112
1,.,"A",779121
1,.,"A",779122
1,.,"A",779131
1,.,"A",779132
1,.,"A",779141
1,.,"A",779142
1,.,"A",779151
1,.,"A",779152
1,.,"A",779161
1,.,"A",779162
1,.,"A",779171
1,.,"A",779172
1,.,"A",779181
1,.,"A",779182
1,.,"A",779191
1,.,"A",779192
1,.,"A",779201
1,.,"A",779202
1,.,"A",779211
1,.,"A",779212
1,.,"A",779221
1,.,"A",779222
1,.,"A",779231
1,.,"A",779232
1,.,"A",779241
1,.,"A",779242
1,.,"A",779251
1,.,"A",779252
1,.,"A",779261
1,.,"A",779262
1,.,"A",779271
1,.,"A",779272
1,.,"A",779281
1,.,"A",779282
1,.,"A",779291
1,.,"A",779292
1,.,"A",779301
1,.,"A",779302
1,.,"A",779311
1,.,"A",779312
1,.,"A",779321
1,.,"A",779322
1,.,"A",779331
1,.,"A",779332
1,.,"A",779341
1,.,"A",779342
1,.,"A",779351
1,.,"A",779352
1,.,"A",779361
1,.,"A",779362
1,.,"A",779371
1,.,"A",779372
1,.,"A",779381
1,.,"A",779391
1,.,"A",779392
1,.,"A",779401
1,.,"A",779402
1,.,"A",779411
1,.,"A",779412
1,.,"A",779421
1,.,"A",779422
1,.,"A",779431
1,.,"A",779432
1,.,"A",779441
1,.,"A",779442
1,.,"A",779451
1,.,"A",779452
1,.,"A",779461
1,.,"A",779462
1,.,"A",779471
1,.,"A",779472
1,.,"A",779481
1,.,"A",779482
1,.,"A",779491
1,.,"A",779492
1,.,"A",779501
1,.,"A",779502
1,.,"A",779511
1,.,"A",779512
1,.,"A",779521
1,.,"A",779522
1,.,"A",779531
1,.,"A",779532
1,.,"A",779541
1,.,"A",779542
1,.,"A",779551
1,.,"A",779552
1,.,"A",779561
1,.,"A",779562
1,.,"A",779571
1,.,"A",779572
1,.,"A",779581
1,.,"A",779582
1,.,"A",779591
1,.,"A",779592
1,.,"A",779601
1,.,"A",779602
1,.,"A",779611
1,.,"A",779612
1,.,"A",779621
1,.,"A",779622
1,.,"A",779631
1,.,"A",779632
1,.,"A",779641
1,.,"A",779642
1,.,"A",779652
1,.,"A",779661
1,.,"A",779662
1,.,"A",779671
1,.,"A",779672
1,.,"A",779682
1,.,"A",779691
1,.,"A",779692
1,.,"A",779701
1,.,"A",779702
1,.,"A",779711
1,.,"A",779712
1,.,"A",779721
1,.,"A",779722
1,.,"A",779731
1,.,"A",779732
1,.,"A",779741
1,.,"A",779742
1,.,"A",779751
1,.,"A",779752
1,.,"A",779761
1,.,"A",779771
1,.,"A",779772
1,.,"A",779781
1,.,"A",779782
1,.,"A",779791
1,.,"A",779792
1,.,"A",779802
1,.,"A",779811
1,.,"A",779812
1,.,"A",779821
1,.,"A",779822
1,.,"A",779831
1,.,"A",779832
1,.,"A",779841
1,.,"A",779842
1,.,"A",779851
1,.,"A",779852
1,.,"A",779861
1,.,"A",779862
1,.,"A",779871
1,.,"A",779872
1,.,"A",779881
1,.,"A",779882
1,.,"A",779892
1,.,"A",779902
1,.,"A",779911
1,.,"A",779912
1,.,"A",779921
1,.,"A",779922
1,.,"A",779931
1,.,"A",779932
1,.,"A",779941
1,.,"A",779942
1,.,"A",779951
1,.,"A",779952
1,.,"A",779961
1,.,"A",779962
1,.,"A",779971
1,.,"A",779972
1,.,"A",779981
1,.,"A",779982
1,.,"A",779991
1,.,"A",779992
1,.,"A",780001
1,.,"A",780002
1,.,"A",780011
1,.,"A",780012
1,.,"A",780021
1,.,"A",780031
1,.,"A",780032
1,.,"A",780041
1,.,"A",780042
1,.,"A",780051
1,.,"A",780052
1,.,"A",780061
1,.,"A",780062
1,.,"A",780071
1,.,"A",780072
1,.,"A",780081
1,.,"A",780082
1,.,"A",780091
1,.,"A",780092
1,.,"A",780101
1,.,"A",780102
1,.,"A",780111
1,.,"A",780112
1,.,"A",780121
1,.,"A",780122
2,16,"D",780131
2,38,"D",780132
1,.,"A",780141
1,.,"A",780142
1,.,"A",780151
1,.,"A",780152
1,.,"A",780161
1,.,"A",780162
1,.,"A",780172
1,.,"A",780181
1,.,"A",780182
1,.,"A",780191
1,.,"A",780192
1,.,"A",780201
1,.,"A",780202
1,.,"A",780212
1,.,"A",780221
1,.,"A",780222
1,.,"A",780231
1,.,"A",780232
2,17,"D",780241
2,39,"D",780242
1,.,"A",780251
1,.,"A",780252
1,.,"A",780261
1,.,"A",780262
1,.,"A",780271
1,.,"A",780272
1,.,"A",780281
1,.,"A",780282
1,.,"A",780291
1,.,"A",780292
1,.,"A",780301
1,.,"A",780302
1,.,"A",780311
1,.,"A",780312
1,.,"A",780321
1,.,"A",780322
1,.,"A",780331
1,.,"A",780332
1,.,"A",780341
1,.,"A",780342
1,.,"A",780351
1,.,"A",780352
1,.,"A",780361
1,.,"A",780362
1,.,"A",780371
1,.,"A",780372
1,.,"A",780381
1,.,"A",780382
1,.,"A",780391
1,.,"A",780392
1,.,"A",780401
1,.,"A",780402
1,.,"A",780411
1,.,"A",780412
1,.,"A",780421
1,.,"A",780422
1,.,"A",780431
1,.,"A",780432
1,.,"A",780441
1,.,"A",780442
1,.,"A",780451
1,.,"A",780452
1,.,"A",780461
1,.,"A",780462
1,.,"A",780471
1,.,"A",780472
1,.,"A",780481
1,.,"A",780482
1,.,"A",780491
1,.,"A",780501
1,.,"A",780502
1,.,"A",780511
1,.,"A",780512
1,.,"A",780521
1,.,"A",780522
1,.,"A",780531
1,.,"A",780532
1,.,"A",780541
1,.,"A",780542
1,.,"A",780551
1,.,"A",780552
1,.,"A",780561
1,.,"A",780571
1,.,"A",780572
1,.,"A",780581
1,.,"A",780582
1,.,"A",780591
1,.,"A",780592
1,.,"A",780601
1,.,"A",780602
1,.,"A",780611
1,.,"A",780612
1,.,"A",780621
1,.,"A",780622
1,.,"A",780631
1,.,"A",780632
1,.,"A",780641
1,.,"A",780642
1,.,"A",780651
1,.,"A",780652
1,.,"A",780661
1,.,"A",780662
1,.,"A",780671
1,.,"A",780672
1,.,"A",780681
1,.,"A",780682
1,.,"A",780691
1,.,"A",780692
1,.,"A",780701
1,.,"A",780702
1,.,"A",780711
1,.,"A",780712
1,.,"A",780721
1,.,"A",780722
1,.,"A",780731
1,.,"A",780732
1,.,"A",780742
1,.,"A",780751
1,.,"A",780752
1,.,"A",780761
1,.,"A",780762
1,.,"A",780771
1,.,"A",780772
1,.,"A",780781
1,.,"A",780782
1,.,"A",780791
1,.,"A",780792
1,.,"A",780801
1,.,"A",780802
1,.,"A",780811
1,.,"A",780812
1,.,"A",780821
1,.,"A",780822
1,.,"A",780831
1,.,"A",780832
1,.,"A",780841
1,.,"A",780842
1,.,"A",780851
1,.,"A",780852
1,.,"A",780861
1,.,"A",780862
1,.,"A",780871
1,.,"A",780872
1,.,"A",780881
1,.,"A",780882
1,.,"A",780891
1,.,"A",780892
1,.,"A",780901
1,.,"A",780902
1,.,"A",780911
1,.,"A",780912
1,.,"A",780921
1,.,"A",780922
1,.,"A",780931
1,.,"A",780932
1,.,"A",780941
1,.,"A",780942
1,.,"A",780951
1,.,"A",780952
1,.,"A",780961
1,.,"A",780962
1,.,"A",780971
1,.,"A",780972
1,.,"A",780981
1,.,"A",780982
3,21,"D",780991
3,43,"D",780992
1,.,"A",781001
1,.,"A",781002
1,.,"A",781011
1,.,"A",781012
1,.,"A",781021
1,.,"A",781022
1,.,"A",781031
1,.,"A",781032
1,.,"A",781041
1,.,"A",781042
1,.,"A",781051
1,.,"A",781052
1,.,"A",781061
1,.,"A",781062
1,.,"A",781071
1,.,"A",781072
1,.,"A",781081
1,.,"A",781082
1,.,"A",781091
1,.,"A",781092
1,.,"A",781101
1,.,"A",781102
1,.,"A",781111
1,.,"A",781112
1,.,"A",781121
1,.,"A",781122
1,.,"A",781131
1,.,"A",781132
1,.,"A",781141
1,.,"A",781142
1,.,"A",781151
1,.,"A",781152
1,.,"A",781161
1,.,"A",781162
1,.,"A",781171
1,.,"A",781172
1,.,"A",781181
1,.,"A",781182
1,.,"A",781192
1,.,"A",781201
1,.,"A",781202
1,.,"A",781211
1,.,"A",781212
3,8,"D",781221
3,30,"D",781222
1,.,"A",781231
1,.,"A",781232
1,.,"A",781241
1,.,"A",781242
1,.,"A",781251
1,.,"A",781252
1,.,"A",781261
1,.,"A",781262
1,.,"A",781271
1,.,"A",781272
1,.,"A",781281
1,.,"A",781282
1,.,"A",781291
1,.,"A",781292
1,.,"A",781301
1,.,"A",781302
1,.,"A",781312
1,.,"A",781321
1,.,"A",781322
1,.,"A",781331
1,.,"A",781332
1,.,"A",781341
1,.,"A",781342
1,.,"A",781351
1,.,"A",781352
1,.,"A",781361
1,.,"A",781362
1,.,"A",781371
1,.,"A",781372
1,.,"A",781381
1,.,"A",781382
1,.,"A",781391
1,.,"A",781392
1,.,"A",781401
1,.,"A",781402
1,.,"A",781411
1,.,"A",781412
1,.,"A",781421
1,.,"A",781422
1,.,"A",781431
1,.,"A",781432
1,.,"A",781441
1,.,"A",781442
1,.,"A",781451
1,.,"A",781452
1,.,"A",781462
1,.,"A",781471
1,.,"A",781481
1,.,"A",781482
1,.,"A",781491
1,.,"A",781492
1,.,"A",781501
1,.,"A",781502
2,18,"D",781511
2,40,"D",781512
1,.,"A",781522
1,.,"A",781531
1,.,"A",781532
1,.,"A",781541
1,.,"A",781542
1,.,"A",781551
1,.,"A",781552
1,.,"A",781562
1,.,"A",781571
1,.,"A",781572
1,.,"A",781581
1,.,"A",781582
1,.,"A",781591
1,.,"A",781592
1,.,"A",781601
1,.,"A",781602
1,.,"A",781611
1,.,"A",781612
1,.,"A",781621
1,.,"A",781622
1,.,"A",781632
1,.,"A",781641
1,.,"A",781642
1,.,"A",781651
1,.,"A",781652
1,.,"A",781661
1,.,"A",781662
1,.,"A",781671
1,.,"A",781672
1,.,"A",781681
1,.,"A",781682
1,.,"A",781691
1,.,"A",781692
1,.,"A",781701
1,.,"A",781702
1,.,"A",781711
1,.,"A",781712
1,.,"A",781721
1,.,"A",781722
1,.,"A",781731
1,.,"A",781732
3,24,"D",781742
1,.,"A",781751
1,.,"A",781752
1,.,"A",781761
1,.,"A",781762
1,.,"A",781771
1,.,"A",781772
1,.,"A",781781
1,.,"A",781782
1,.,"A",781791
1,.,"A",781792
1,.,"A",781801
1,.,"A",781802
2,9,"D",781811
2,31,"D",781812
1,.,"A",781821
1,.,"A",781822
1,.,"A",781831
1,.,"A",781832
1,.,"A",781841
1,.,"A",781842
1,.,"A",781851
1,.,"A",781852
1,.,"A",781861
1,.,"A",781862
1,.,"A",781871
1,.,"A",781872
1,.,"A",781881
1,.,"A",781882
1,.,"A",781891
1,.,"A",781892
1,.,"A",781901
1,.,"A",781902
1,.,"A",781912
1,.,"A",781921
1,.,"A",781922
1,.,"A",781931
1,.,"A",781932
1,.,"A",781941
1,.,"A",781942
1,.,"A",781951
1,.,"A",781952
1,.,"A",781961
1,.,"A",781962
1,.,"A",781971
1,.,"A",781972
1,.,"A",781981
1,.,"A",781982
1,.,"A",781991
1,.,"A",781992
1,.,"A",782001
1,.,"A",782002
1,.,"A",782011
1,.,"A",782012
1,.,"A",782021
1,.,"A",782022
1,.,"A",782031
1,.,"A",782032
1,.,"A",782041
1,.,"A",782042
1,.,"A",782051
1,.,"A",782052
1,.,"A",782061
1,.,"A",782062
1,.,"A",782071
1,.,"A",782072
1,.,"A",782081
1,.,"A",782082
1,.,"A",782091
1,.,"A",782092
1,.,"A",782101
1,.,"A",782102
1,.,"A",782111
1,.,"A",782112
1,.,"A",782121
1,.,"A",782122
1,.,"A",782131
1,.,"A",782132
1,.,"A",782141
1,.,"A",782151
1,.,"A",782152
1,.,"A",782161
1,.,"A",782162
1,.,"A",782171
1,.,"A",782172
1,.,"A",782181
1,.,"A",782182
1,.,"A",782191
1,.,"A",782192
1,.,"A",782202
2,6,"D",782211
2,28,"D",782212
1,.,"A",782221
1,.,"A",782222
1,.,"A",782231
1,.,"A",782232
1,.,"A",782241
1,.,"A",782242
1,.,"A",782251
1,.,"A",782252
1,.,"A",782261
1,.,"A",782271
1,.,"A",782272
1,.,"A",782281
1,.,"A",782282
1,.,"A",782291
1,.,"A",782292
1,.,"A",782301
1,.,"A",782302
1,.,"A",782312
1,.,"A",782321
1,.,"A",782322
1,.,"A",782331
1,.,"A",782332
3,24,"D",782342
1,.,"A",782351
1,.,"A",782352
1,.,"A",782361
1,.,"A",782362
3,8,"D",782371
3,30,"D",782372
1,.,"A",782381
1,.,"A",782382
1,.,"A",782391
1,.,"A",782392
1,.,"A",782401
1,.,"A",782402
1,.,"A",782411
1,.,"A",782412
1,.,"A",782421
1,.,"A",782422
1,.,"A",782431
1,.,"A",782432
1,.,"A",782441
1,.,"A",782451
1,.,"A",782452
1,.,"A",782461
1,.,"A",782462
1,.,"A",782471
1,.,"A",782472
1,.,"A",782481
1,.,"A",782482
1,.,"A",782491
1,.,"A",782492
1,.,"A",782501
1,.,"A",782502
1,.,"A",782511
1,.,"A",782512
1,.,"A",782521
1,.,"A",782522
1,.,"A",782531
1,.,"A",782532
1,.,"A",782541
1,.,"A",782542
1,.,"A",782551
1,.,"A",782552
1,.,"A",782561
1,.,"A",782562
1,.,"A",782571
1,.,"A",782572
1,.,"A",782582
1,.,"A",782591
1,.,"A",782592
1,.,"A",782601
1,.,"A",782602
1,.,"A",782611
1,.,"A",782612
1,.,"A",782621
1,.,"A",782622
1,.,"A",782631
1,.,"A",782632
1,.,"A",782641
1,.,"A",782642
1,.,"A",782651
1,.,"A",782652
1,.,"A",782661
1,.,"A",782662
1,.,"A",782671
1,.,"A",782672
1,.,"A",782682
1,.,"A",782691
1,.,"A",782692
1,.,"A",782701
1,.,"A",782702
1,.,"A",782711
1,.,"A",782712
1,.,"A",782721
1,.,"A",782722
1,.,"A",782731
1,.,"A",782732
1,.,"A",782741
1,.,"A",782742
1,.,"A",782751
1,.,"A",782752
1,.,"A",782761
1,.,"A",782762
1,.,"A",782771
1,.,"A",782772
1,.,"A",782781
1,.,"A",782782
1,.,"A",782791
1,.,"A",782792
1,.,"A",782801
1,.,"A",782802
1,.,"A",782812
1,.,"A",782821
1,.,"A",782822
1,.,"A",782831
1,.,"A",782832
1,.,"A",782841
1,.,"A",782842
1,.,"A",782851
1,.,"A",782852
1,.,"A",782861
1,.,"A",782862
1,.,"A",782871
1,.,"A",782872
1,.,"A",782881
1,.,"A",782882
1,.,"A",782891
1,.,"A",782901
1,.,"A",782902
1,.,"A",782911
1,.,"A",782912
1,.,"A",782921
1,.,"A",782922
1,.,"A",782931
1,.,"A",782932
1,.,"A",782941
1,.,"A",782942
1,.,"A",782951
1,.,"A",782952
1,.,"A",782961
1,.,"A",782962
1,.,"A",782971
1,.,"A",782972
1,.,"A",782981
1,.,"A",782982
1,.,"A",782991
1,.,"A",782992
1,.,"A",783001
1,.,"A",783002
1,.,"A",783011
1,.,"A",783012
1,.,"A",783021
1,.,"A",783022
1,.,"A",783031
1,.,"A",783032
1,.,"A",783041
1,.,"A",783042
1,.,"A",783051
1,.,"A",783061
1,.,"A",783062
1,.,"A",783071
1,.,"A",783072
1,.,"A",783081
1,.,"A",783082
1,.,"A",783091
1,.,"A",783092
1,.,"A",783101
1,.,"A",783102
1,.,"A",783111
1,.,"A",783112
1,.,"A",783121
1,.,"A",783122
1,.,"A",783132
1,.,"A",783141
1,.,"A",783142
1,.,"A",783151
1,.,"A",783152
1,.,"A",783161
1,.,"A",783162
1,.,"A",783171
1,.,"A",783172
1,.,"A",783181
1,.,"A",783182
1,.,"A",783191
1,.,"A",783192
1,.,"A",783201
1,.,"A",783202
1,.,"A",783211
1,.,"A",783212
1,.,"A",783221
1,.,"A",783222
1,.,"A",783231
1,.,"A",783232
1,.,"A",783241
1,.,"A",783242
1,.,"A",783252
1,.,"A",783261
1,.,"A",783271
1,.,"A",783272
1,.,"A",783281
1,.,"A",783282
1,.,"A",783291
1,.,"A",783292
1,.,"A",783301
1,.,"A",783302
1,.,"A",783311
1,.,"A",783312
1,.,"A",783321
1,.,"A",783322
1,.,"A",783331
1,.,"A",783332
1,.,"A",783341
1,.,"A",783342
1,.,"A",783352
1,.,"A",783361
1,.,"A",783362
1,.,"A",783371
1,.,"A",783372
1,.,"A",783381
1,.,"A",783382
8,3,"D",783391
8,25,"D",783392
1,.,"A",783401
1,.,"A",783402
1,.,"A",783411
1,.,"A",783412
1,.,"A",783421
1,.,"A",783422
1,.,"A",783431
1,.,"A",783432
1,.,"A",783441
1,.,"A",783442
1,.,"A",783451
1,.,"A",783452
1,.,"A",783461
1,.,"A",783462
2,41,"D",783472
1,.,"A",783481
1,.,"A",783482
1,.,"A",783491
1,.,"A",783492
1,.,"A",783501
1,.,"A",783502
1,.,"A",783511
1,.,"A",783512
1,.,"A",783521
1,.,"A",783522
1,.,"A",783531
1,.,"A",783532
1,.,"A",783541
1,.,"A",783542
1,.,"A",783551
1,.,"A",783552
1,.,"A",783561
1,.,"A",783562
1,.,"A",783571
1,.,"A",783572
1,.,"A",783581
1,.,"A",783582
1,.,"A",783591
1,.,"A",783592
1,.,"A",783601
1,.,"A",783602
1,.,"A",783611
1,.,"A",783612
1,.,"A",783621
1,.,"A",783622
1,.,"A",783631
1,.,"A",783632
1,.,"A",783641
1,.,"A",783642
1,.,"A",783651
1,.,"A",783652
1,.,"A",783661
1,.,"A",783662
1,.,"A",783671
1,.,"A",783672
1,.,"A",783681
1,.,"A",783682
1,.,"A",783691
1,.,"A",783692
1,.,"A",783702
1,.,"A",783711
1,.,"A",783712
3,8,"D",783721
3,30,"D",783722
1,.,"A",783731
1,.,"A",783732
1,.,"A",783741
1,.,"A",783742
1,.,"A",783751
1,.,"A",783752
1,.,"A",783761
1,.,"A",783762
1,.,"A",783771
1,.,"A",783772
1,.,"A",783781
1,.,"A",783782
5,20,"D",783791
5,42,"D",783792
1,.,"A",783801
1,.,"A",783802
1,.,"A",783811
1,.,"A",783812
1,.,"A",783821
1,.,"A",783822
1,.,"A",783831
1,.,"A",783832
1,.,"A",783841
1,.,"A",783842
1,.,"A",783851
1,.,"A",783852
1,.,"A",783861
1,.,"A",783862
1,.,"A",783871
1,.,"A",783872
1,.,"A",783881
1,.,"A",783882
1,.,"A",783891
1,.,"A",783892
1,.,"A",783902
1,.,"A",783911
1,.,"A",783912
1,.,"A",783921
1,.,"A",783922
1,.,"A",783931
1,.,"A",783932
1,.,"A",783941
1,.,"A",783942
1,.,"A",783951
1,.,"A",783952
1,.,"A",783961
1,.,"A",783962
1,.,"A",783971
1,.,"A",783972
1,.,"A",783981
1,.,"A",783982
1,.,"A",783991
1,.,"A",783992
2,1,"D",784001
2,23,"D",784002
1,.,"A",784011
1,.,"A",784012
1,.,"A",784021
1,.,"A",784022
1,.,"A",784031
1,.,"A",784032
1,.,"A",784041
1,.,"A",784042
1,.,"A",784051
1,.,"A",784052
1,.,"A",784061
1,.,"A",784062
1,.,"A",784071
1,.,"A",784072
1,.,"A",784081
1,.,"A",784082
1,.,"A",784091
1,.,"A",784092
1,.,"A",784101
1,.,"A",784102
1,.,"A",784111
1,.,"A",784112
1,.,"A",784121
1,.,"A",784122
1,.,"A",784131
1,.,"A",784132
1,.,"A",784141
1,.,"A",784142
3,2,"D",784151
3,24,"D",784152
2,14,"D",784161
2,36,"D",784162
1,.,"A",784172
1,.,"A",784181
1,.,"A",784182
1,.,"A",784191
1,.,"A",784192
1,.,"A",784201
1,.,"A",784202
1,.,"A",784211
1,.,"A",784212
1,.,"A",784221
1,.,"A",784222
1,.,"A",784231
1,.,"A",784232
1,.,"A",784241
1,.,"A",784242
1,.,"A",784251
1,.,"A",784252
1,.,"A",784262
1,.,"A",784271
1,.,"A",784272
1,.,"A",784281
1,.,"A",784282
1,.,"A",784291
1,.,"A",784292
1,.,"A",784301
1,.,"A",784302
1,.,"A",784311
1,.,"A",784312
1,.,"A",784321
1,.,"A",784322
1,.,"A",784331
1,.,"A",784332
1,.,"A",784341
1,.,"A",784342
1,.,"A",784351
1,.,"A",784352
1,.,"A",784361
1,.,"A",784362
1,.,"A",784371
1,.,"A",784372
1,.,"A",784381
1,.,"A",784382
1,.,"A",784391
1,.,"A",784392
1,.,"A",784401
1,.,"A",784402
1,.,"A",784411
1,.,"A",784412
1,.,"A",784421
1,.,"A",784422
1,.,"A",784431
1,.,"A",784432
1,.,"A",784441
1,.,"A",784442
1,.,"A",784451
1,.,"A",784452
1,.,"A",784461
1,.,"A",784462
1,.,"A",784471
1,.,"A",784472
1,.,"A",784481
1,.,"A",784482
1,.,"A",784491
1,.,"A",784492
1,.,"A",784501
1,.,"A",784502
1,.,"A",784511
1,.,"A",784512
1,.,"A",784522
1,.,"A",784531
1,.,"A",784532
1,.,"A",784541
1,.,"A",784542
1,.,"A",784551
1,.,"A",784552
1,.,"A",784561
1,.,"A",784562
1,.,"A",784571
1,.,"A",784572
1,.,"A",784581
1,.,"A",784582
1,.,"A",784591
1,.,"A",784592
1,.,"A",784601
1,.,"A",784602
1,.,"A",784611
1,.,"A",784612
1,.,"A",784621
1,.,"A",784622
1,.,"A",784632
1,.,"A",784641
1,.,"A",784642
1,.,"A",784651
1,.,"A",784652
1,.,"A",784661
1,.,"A",784662
1,.,"A",784671
1,.,"A",784672
1,.,"A",784681
1,.,"A",784682
1,.,"A",784691
1,.,"A",784692
1,.,"A",784701
1,.,"A",784702
1,.,"A",784711
1,.,"A",784712
1,.,"A",784721
1,.,"A",784722
1,.,"A",784731
1,.,"A",784732
1,.,"A",784741
1,.,"A",784742
1,.,"A",784751
1,.,"A",784752
1,.,"A",784761
1,.,"A",784762
1,.,"A",784771
1,.,"A",784772
1,.,"A",784781
1,.,"A",784782
1,.,"A",784791
1,.,"A",784792
1,.,"A",784801
1,.,"A",784802
1,.,"A",784811
1,.,"A",784812
1,.,"A",784821
1,.,"A",784822
1,.,"A",784831
1,.,"A",784832
1,.,"A",784841
1,.,"A",784842
1,.,"A",784851
1,.,"A",784852
1,.,"A",784861
1,.,"A",784862
1,.,"A",784871
1,.,"A",784872
1,.,"A",784881
1,.,"A",784882
1,.,"A",784891
1,.,"A",784892
1,.,"A",784901
1,.,"A",784902
1,.,"A",784911
1,.,"A",784912
1,.,"A",784921
1,.,"A",784922
1,.,"A",784931
1,.,"A",784932
1,.,"A",784941
1,.,"A",784942
1,.,"A",784951
1,.,"A",784952
1,.,"A",784961
1,.,"A",784962
1,.,"A",784971
1,.,"A",784972
1,.,"A",784981
1,.,"A",784982
1,.,"A",784991
1,.,"A",784992
1,.,"A",785001
1,.,"A",785002
1,.,"A",785011
1,.,"A",785021
1,.,"A",785022
1,.,"A",785031
1,.,"A",785041
1,.,"A",785042
1,.,"A",785051
1,.,"A",785052
2,12,"D",785061
2,34,"D",785062
1,.,"A",785071
1,.,"A",785072
1,.,"A",785081
1,.,"A",785082
1,.,"A",785091
1,.,"A",785092
1,.,"A",785101
1,.,"A",785102
1,.,"A",785111
1,.,"A",785112
1,.,"A",785121
1,.,"A",785122
1,.,"A",785131
1,.,"A",785132
1,.,"A",785141
1,.,"A",785142
1,.,"A",785152
1,.,"A",785161
1,.,"A",785162
1,.,"A",785171
1,.,"A",785172
1,.,"A",785182
1,.,"A",785191
1,.,"A",785192
1,.,"A",785201
1,.,"A",785202
1,.,"A",785211
1,.,"A",785212
1,.,"A",785221
1,.,"A",785222
1,.,"A",785231
1,.,"A",785232
1,.,"A",785241
1,.,"A",785242
1,.,"A",785251
1,.,"A",785252
1,.,"A",785261
1,.,"A",785262
1,.,"A",785271
1,.,"A",785272
1,.,"A",785281
1,.,"A",785291
1,.,"A",785292
1,.,"A",785301
1,.,"A",785302
1,.,"A",785311
1,.,"A",785312
1,.,"A",785321
1,.,"A",785322
1,.,"A",785331
1,.,"A",785332
1,.,"A",785341
1,.,"A",785342
1,.,"A",785351
1,.,"A",785352
1,.,"A",785361
1,.,"A",785362
1,.,"A",785371
1,.,"A",785372
1,.,"A",785381
1,.,"A",785382
1,.,"A",785391
1,.,"A",785401
1,.,"A",785402
1,.,"A",785411
1,.,"A",785412
1,.,"A",785421
1,.,"A",785422
1,.,"A",785431
1,.,"A",785432
1,.,"A",785441
1,.,"A",785442
1,.,"A",785451
1,.,"A",785452
1,.,"A",785461
1,.,"A",785462
1,.,"A",785471
1,.,"A",785472
1,.,"A",785481
1,.,"A",785482
1,.,"A",785491
1,.,"A",785492
1,.,"A",785501
1,.,"A",785502
1,.,"A",785511
1,.,"A",785512
1,.,"A",785521
1,.,"A",785522
1,.,"A",785532
1,.,"A",785541
1,.,"A",785542
1,.,"A",785551
1,.,"A",785552
1,.,"A",785561
1,.,"A",785562
1,.,"A",785571
1,.,"A",785572
1,.,"A",785581
1,.,"A",785582
1,.,"A",785591
1,.,"A",785592
1,.,"A",785601
1,.,"A",785602
1,.,"A",785611
1,.,"A",785612
1,.,"A",785621
1,.,"A",785622
1,.,"A",785631
1,.,"A",785632
1,.,"A",785641
1,.,"A",785642
4,10,"D",785651
4,32,"D",785652
1,.,"A",785661
1,.,"A",785662
1,.,"A",785671
1,.,"A",785672
1,.,"A",785681
1,.,"A",785682
1,.,"A",785691
1,.,"A",785692
1,.,"A",785701
1,.,"A",785702
1,.,"A",785711
1,.,"A",785712
1,.,"A",785722
1,.,"A",785731
1,.,"A",785732
1,.,"A",785741
1,.,"A",785742
1,.,"A",785751
1,.,"A",785752
1,.,"A",785761
1,.,"A",785762
1,.,"A",785771
1,.,"A",785772
1,.,"A",785781
1,.,"A",785782
1,.,"A",785791
1,.,"A",785792
1,.,"A",785801
1,.,"A",785802
8,25,"D",785812
1,.,"A",785821
1,.,"A",785822
1,.,"A",785831
1,.,"A",785832
1,.,"A",785841
1,.,"A",785842
1,.,"A",785851
1,.,"A",785852
1,.,"A",785861
1,.,"A",785862
1,.,"A",785871
1,.,"A",785872
1,.,"A",785881
1,.,"A",785882
1,.,"A",785891
1,.,"A",785892
1,.,"A",785901
1,.,"A",785902
1,.,"A",785911
1,.,"A",785912
1,.,"A",785921
1,.,"A",785922
1,.,"A",785931
1,.,"A",785932
1,.,"A",785941
1,.,"A",785942
1,.,"A",785951
1,.,"A",785952
1,.,"A",785961
1,.,"A",785962
1,.,"A",785971
1,.,"A",785972
1,.,"A",785981
1,.,"A",785982
1,.,"A",785991
1,.,"A",785992
1,.,"A",786001
1,.,"A",786002
1,.,"A",786011
1,.,"A",786012
1,.,"A",786021
1,.,"A",786022
1,.,"A",786032
1,.,"A",786041
1,.,"A",786042
1,.,"A",786051
1,.,"A",786052
1,.,"A",786061
1,.,"A",786062
1,.,"A",786071
1,.,"A",786072
1,.,"A",786081
1,.,"A",786082
1,.,"A",786091
1,.,"A",786092
1,.,"A",786101
1,.,"A",786102
1,.,"A",786111
1,.,"A",786112
1,.,"A",786122
1,.,"A",786131
1,.,"A",786132
1,.,"A",786141
1,.,"A",786142
1,.,"A",786151
1,.,"A",786152
1,.,"A",786162
1,.,"A",786171
1,.,"A",786172
1,.,"A",786181
1,.,"A",786182
1,.,"A",786191
1,.,"A",786201
1,.,"A",786202
1,.,"A",786211
1,.,"A",786212
1,.,"A",786221
1,.,"A",786222
1,.,"A",786231
1,.,"A",786232
1,.,"A",786241
1,.,"A",786242
1,.,"A",786251
1,.,"A",786252
1,.,"A",786261
1,.,"A",786262
1,.,"A",786271
1,.,"A",786272
1,.,"A",786281
1,.,"A",786282
3,21,"D",786291
3,43,"D",786292
1,.,"A",786301
1,.,"A",786302
1,.,"A",786311
1,.,"A",786312
2,11,"D",786321
2,33,"D",786322
1,.,"A",786331
1,.,"A",786332
1,.,"A",786341
1,.,"A",786342
1,.,"A",786351
1,.,"A",786352
1,.,"A",786361
1,.,"A",786362
1,.,"A",786371
1,.,"A",786372
1,.,"A",786381
1,.,"A",786382
2,17,"D",786391
2,39,"D",786392
1,.,"A",786401
1,.,"A",786402
1,.,"A",786411
1,.,"A",786412
1,.,"A",786421
1,.,"A",786422
1,.,"A",786431
1,.,"A",786432
1,.,"A",786441
1,.,"A",786442
1,.,"A",786451
1,.,"A",786452
1,.,"A",786461
1,.,"A",786462
1,.,"A",786471
1,.,"A",786472
1,.,"A",786481
1,.,"A",786482
1,.,"A",786491
1,.,"A",786492
1,.,"A",786501
1,.,"A",786502
1,.,"A",786511
1,.,"A",786512
1,.,"A",786521
1,.,"A",786522
1,.,"A",786531
1,.,"A",786532
1,.,"A",786541
1,.,"A",786542
1,.,"A",786551
1,.,"A",786552
1,.,"A",786561
1,.,"A",786562
1,.,"A",786571
1,.,"A",786572
1,.,"A",786581
1,.,"A",786582
1,.,"A",786591
1,.,"A",786592
1,.,"A",786601
1,.,"A",786611
1,.,"A",786612
1,.,"A",786621
1,.,"A",786622
1,.,"A",786632
1,.,"A",786641
1,.,"A",786642
1,.,"A",786652
1,.,"A",786661
1,.,"A",786662
1,.,"A",786671
1,.,"A",786672
1,.,"A",786681
1,.,"A",786682
1,.,"A",786691
1,.,"A",786692
1,.,"A",786701
1,.,"A",786702
1,.,"A",786711
1,.,"A",786721
1,.,"A",786722
1,.,"A",786731
1,.,"A",786732
1,.,"A",786741
1,.,"A",786742
1,.,"A",786751
1,.,"A",786752
1,.,"A",786761
1,.,"A",786762
1,.,"A",786771
1,.,"A",786772
1,.,"A",786781
1,.,"A",786782
1,.,"A",786791
1,.,"A",786792
1,.,"A",786801
1,.,"A",786802
1,.,"A",786811
1,.,"A",786812
1,.,"A",786822
1,.,"A",786831
1,.,"A",786832
1,.,"A",786842
1,.,"A",786851
1,.,"A",786852
1,.,"A",786861
1,.,"A",786862
1,.,"A",786871
1,.,"A",786872
1,.,"A",786881
1,.,"A",786882
1,.,"A",786891
1,.,"A",786892
1,.,"A",786901
1,.,"A",786902
1,.,"A",786911
1,.,"A",786912
2,13,"D",786921
2,35,"D",786922
1,.,"A",786931
1,.,"A",786932
1,.,"A",786941
1,.,"A",786942
1,.,"A",786951
1,.,"A",786952
1,.,"A",786961
1,.,"A",786962
1,.,"A",786971
1,.,"A",786972
1,.,"A",786981
1,.,"A",786982
1,.,"A",786991
1,.,"A",786992
1,.,"A",787001
1,.,"A",787002
1,.,"A",787011
1,.,"A",787012
1,.,"A",787021
1,.,"A",787022
1,.,"A",787031
1,.,"A",787032
1,.,"A",787041
1,.,"A",787042
1,.,"A",787051
1,.,"A",787052
1,.,"A",787061
1,.,"A",787062
1,.,"A",787071
1,.,"A",787072
1,.,"A",787081
1,.,"A",787082
1,.,"A",787091
1,.,"A",787092
1,.,"A",787101
1,.,"A",787102
1,.,"A",787111
1,.,"A",787112
1,.,"A",787121
1,.,"A",787122
1,.,"A",787131
1,.,"A",787132
1,.,"A",787141
1,.,"A",787142
1,.,"A",787151
1,.,"A",787152
1,.,"A",787161
1,.,"A",787162
1,.,"A",787171
1,.,"A",787172
1,.,"A",787181
1,.,"A",787182
1,.,"A",787191
1,.,"A",787192
1,.,"A",787201
1,.,"A",787202
1,.,"A",787211
1,.,"A",787212
1,.,"A",787221
1,.,"A",787222
1,.,"A",787231
1,.,"A",787232
1,.,"A",787241
1,.,"A",787242
1,.,"A",787251
1,.,"A",787252
1,.,"A",787261
1,.,"A",787262
1,.,"A",787272
1,.,"A",787281
1,.,"A",787282
1,.,"A",787291
1,.,"A",787292
1,.,"A",787301
1,.,"A",787302
1,.,"A",787311
1,.,"A",787312
1,.,"A",787321
1,.,"A",787322
1,.,"A",787331
1,.,"A",787332
1,.,"A",787341
1,.,"A",787342
1,.,"A",787351
1,.,"A",787352
1,.,"A",787361
1,.,"A",787362
1,.,"A",787371
1,.,"A",787372
1,.,"A",787381
1,.,"A",787382
1,.,"A",787391
1,.,"A",787392
1,.,"A",787401
1,.,"A",787402
1,.,"A",787411
1,.,"A",787412
1,.,"A",787421
1,.,"A",787422
1,.,"A",787432
1,.,"A",787441
1,.,"A",787442
1,.,"A",787451
1,.,"A",787452
1,.,"A",787461
1,.,"A",787462
1,.,"A",787471
1,.,"A",787472
1,.,"A",787481
1,.,"A",787482
1,.,"A",787491
1,.,"A",787492
1,.,"A",787501
1,.,"A",787502
1,.,"A",787511
1,.,"A",787512
1,.,"A",787521
1,.,"A",787522
1,.,"A",787531
1,.,"A",787532
1,.,"A",787541
1,.,"A",787542
1,.,"A",787551
1,.,"A",787552
1,.,"A",787561
1,.,"A",787562
1,.,"A",787571
1,.,"A",787572
1,.,"A",787581
1,.,"A",787582
1,.,"A",787591
1,.,"A",787592
1,.,"A",787601
1,.,"A",787602
1,.,"A",787611
1,.,"A",787612
1,.,"A",787621
1,.,"A",787622
1,.,"A",787631
1,.,"A",787632
1,.,"A",787641
1,.,"A",787642
1,.,"A",787651
1,.,"A",787652
1,.,"A",787661
1,.,"A",787662
1,.,"A",787671
1,.,"A",787672
1,.,"A",787681
1,.,"A",787682
1,.,"A",787692
1,.,"A",787701
1,.,"A",787702
1,.,"A",787712
1,.,"A",787721
1,.,"A",787722
1,.,"A",787731
1,.,"A",787732
1,.,"A",787741
1,.,"A",787742
1,.,"A",787751
1,.,"A",787752
1,.,"A",787761
1,.,"A",787762
1,.,"A",787771
1,.,"A",787772
1,.,"A",787781
1,.,"A",787782
1,.,"A",787792
1,.,"A",787801
1,.,"A",787802
1,.,"A",787811
1,.,"A",787812
1,.,"A",787821
1,.,"A",787822
1,.,"A",787831
1,.,"A",787832
1,.,"A",787842
1,.,"A",787851
1,.,"A",787852
1,.,"A",787861
1,.,"A",787862
1,.,"A",787871
1,.,"A",787872
1,.,"A",787881
1,.,"A",787882
1,.,"A",787891
1,.,"A",787892
1,.,"A",787901
1,.,"A",787902
1,.,"A",787911
1,.,"A",787912
1,.,"A",787921
1,.,"A",787922
1,.,"A",787931
1,.,"A",787932
1,.,"A",787941
1,.,"A",787942
1,.,"A",787951
1,.,"A",787952
1,.,"A",787961
1,.,"A",787962
1,.,"A",787971
1,.,"A",787981
1,.,"A",787982
1,.,"A",787991
1,.,"A",787992
1,.,"A",788001
1,.,"A",788002
1,.,"A",788012
1,.,"A",788022
1,.,"A",788031
1,.,"A",788041
1,.,"A",788042
1,.,"A",788051
1,.,"A",788052
1,.,"A",788061
1,.,"A",788062
1,.,"A",788071
1,.,"A",788072
1,.,"A",788081
1,.,"A",788082
1,.,"A",788091
1,.,"A",788092
1,.,"A",788101
1,.,"A",788102
1,.,"A",788111
1,.,"A",788121
1,.,"A",788122
1,.,"A",788131
1,.,"A",788132
1,.,"A",788141
1,.,"A",788151
1,.,"A",788152
1,.,"A",788161
1,.,"A",788162
1,.,"A",788171
1,.,"A",788172
1,.,"A",788181
1,.,"A",788182
1,.,"A",788191
1,.,"A",788192
1,.,"A",788201
1,.,"A",788202
1,.,"A",788211
1,.,"A",788212
1,.,"A",788221
1,.,"A",788222
1,.,"A",788231
1,.,"A",788232
1,.,"A",788241
1,.,"A",788242
1,.,"A",788251
1,.,"A",788252
1,.,"A",788262
1,.,"A",788271
1,.,"A",788272
1,.,"A",788281
1,.,"A",788282
1,.,"A",788291
1,.,"A",788292
1,.,"A",788301
1,.,"A",788302
1,.,"A",788311
1,.,"A",788312
1,.,"A",788321
1,.,"A",788331
1,.,"A",788332
1,.,"A",788341
1,.,"A",788342
1,.,"A",788351
1,.,"A",788352
1,.,"A",788361
1,.,"A",788371
1,.,"A",788372
1,.,"A",788381
1,.,"A",788382
1,.,"A",788391
1,.,"A",788392
1,.,"A",788401
1,.,"A",788402
1,.,"A",788411
1,.,"A",788412
1,.,"A",788421
1,.,"A",788422
1,.,"A",788431
1,.,"A",788432
2,15,"D",788441
2,37,"D",788442
1,.,"A",788452
1,.,"A",788461
1,.,"A",788462
1,.,"A",788471
1,.,"A",788472
1,.,"A",788481
1,.,"A",788482
1,.,"A",788491
1,.,"A",788492
1,.,"A",788501
1,.,"A",788502
1,.,"A",788511
1,.,"A",788512
1,.,"A",788521
1,.,"A",788522
1,.,"A",788531
1,.,"A",788532
1,.,"A",788542
1,.,"A",788551
1,.,"A",788552
1,.,"A",788561
1,.,"A",788562
1,.,"A",788571
1,.,"A",788572
1,.,"A",788581
1,.,"A",788582
1,.,"A",788591
1,.,"A",788592
1,.,"A",788601
1,.,"A",788602
1,.,"A",788611
1,.,"A",788612
1,.,"A",788621
1,.,"A",788622
1,.,"A",788631
1,.,"A",788632
1,.,"A",788641
1,.,"A",788642
1,.,"A",788651
1,.,"A",788661
1,.,"A",788662
1,.,"A",788671
1,.,"A",788672
1,.,"A",788681
1,.,"A",788682
1,.,"A",788691
1,.,"A",788692
1,.,"A",788701
1,.,"A",788702
1,.,"A",788711
1,.,"A",788712
1,.,"A",788721
1,.,"A",788722
1,.,"A",788731
1,.,"A",788732
1,.,"A",788741
1,.,"A",788751
1,.,"A",788752
1,.,"A",788761
1,.,"A",788762
1,.,"A",788772
1,.,"A",788781
1,.,"A",788782
1,.,"A",788792
5,20,"D",788801
5,42,"D",788802
1,.,"A",788811
1,.,"A",788812
1,.,"A",788821
1,.,"A",788831
1,.,"A",788832
1,.,"A",788841
1,.,"A",788842
1,.,"A",788851
1,.,"A",788852
1,.,"A",788861
1,.,"A",788862
1,.,"A",788871
1,.,"A",788872
1,.,"A",788881
1,.,"A",788882
1,.,"A",788892
1,.,"A",788901
1,.,"A",788902
1,.,"A",788911
1,.,"A",788912
1,.,"A",788922
1,.,"A",788931
1,.,"A",788932
1,.,"A",788941
1,.,"A",788942
1,.,"A",788951
1,.,"A",788952
1,.,"A",788961
1,.,"A",788962
1,.,"A",788971
1,.,"A",788972
1,.,"A",788981
1,.,"A",788982
1,.,"A",788991
1,.,"A",788992
1,.,"A",789001
1,.,"A",789002
1,.,"A",789011
1,.,"A",789012
1,.,"A",789021
1,.,"A",789022
1,.,"A",789031
1,.,"A",789032
1,.,"A",789041
1,.,"A",789042
1,.,"A",789052
1,.,"A",789061
1,.,"A",789062
1,.,"A",789071
1,.,"A",789072
1,.,"A",789081
1,.,"A",789082
2,19,"D",789091
2,41,"D",789092
1,.,"A",789101
1,.,"A",789102
1,.,"A",789111
1,.,"A",789112
1,.,"A",789121
1,.,"A",789122
1,.,"A",789131
1,.,"A",789132
1,.,"A",789141
1,.,"A",789142
1,.,"A",789152
8,3,"D",789161
8,25,"D",789162
1,.,"A",789171
1,.,"A",789172
1,.,"A",789181
1,.,"A",789182
1,.,"A",789191
1,.,"A",789192
1,.,"A",789201
1,.,"A",789202
1,.,"A",789211
1,.,"A",789212
1,.,"A",789221
1,.,"A",789222
1,.,"A",789231
1,.,"A",789232
1,.,"A",789241
1,.,"A",789242
1,.,"A",789251
1,.,"A",789252
1,.,"A",789261
1,.,"A",789262
1,.,"A",789271
1,.,"A",789272
1,.,"A",789281
1,.,"A",789282
1,.,"A",789291
1,.,"A",789292
1,.,"A",789301
1,.,"A",789302
1,.,"A",789311
1,.,"A",789312
1,.,"A",789321
1,.,"A",789322
1,.,"A",789331
1,.,"A",789332
1,.,"A",789341
1,.,"A",789342
1,.,"A",789351
1,.,"A",789352
1,.,"A",789361
1,.,"A",789362
1,.,"A",789371
1,.,"A",789381
1,.,"A",789382
1,.,"A",789391
1,.,"A",789392
1,.,"A",789401
1,.,"A",789402
1,.,"A",789411
1,.,"A",789412
1,.,"A",789421
1,.,"A",789422
1,.,"A",789431
1,.,"A",789432
1,.,"A",789441
1,.,"A",789442
1,.,"A",789451
1,.,"A",789452
1,.,"A",789461
1,.,"A",789462
1,.,"A",789471
1,.,"A",789472
1,.,"A",789481
1,.,"A",789482
1,.,"A",789491
1,.,"A",789492
1,.,"A",789501
1,.,"A",789502
1,.,"A",789511
1,.,"A",789512
1,.,"A",789521
1,.,"A",789522
1,.,"A",789531
1,.,"A",789532
1,.,"A",789541
1,.,"A",789542
1,.,"A",789551
1,.,"A",789552
1,.,"A",789561
1,.,"A",789562
1,.,"A",789571
1,.,"A",789572
1,.,"A",789581
1,.,"A",789582
1,.,"A",789591
1,.,"A",789592
1,.,"A",789601
1,.,"A",789602
1,.,"A",789611
1,.,"A",789612
1,.,"A",789621
1,.,"A",789622
1,.,"A",789631
1,.,"A",789632
1,.,"A",789641
1,.,"A",789651
1,.,"A",789652
1,.,"A",789661
1,.,"A",789662
1,.,"A",789671
1,.,"A",789672
1,.,"A",789681
1,.,"A",789682
1,.,"A",789691
1,.,"A",789692
4,10,"D",789701
4,32,"D",789702
1,.,"A",789711
1,.,"A",789712
1,.,"A",789721
1,.,"A",789722
1,.,"A",789731
1,.,"A",789732
1,.,"A",789741
1,.,"A",789742
1,.,"A",789752
1,.,"A",789761
1,.,"A",789762
1,.,"A",789771
1,.,"A",789772
1,.,"A",789781
1,.,"A",789782
2,22,"D",789792
1,.,"A",789801
1,.,"A",789802
1,.,"A",789811
1,.,"A",789812
1,.,"A",789821
1,.,"A",789822
1,.,"A",789831
1,.,"A",789832
1,.,"A",789841
1,.,"A",789842
1,.,"A",789851
1,.,"A",789852
1,.,"A",789861
1,.,"A",789862
1,.,"A",789871
1,.,"A",789872
1,.,"A",789881
1,.,"A",789882
1,.,"A",789891
1,.,"A",789892
1,.,"A",789901
1,.,"A",789911
1,.,"A",789912
1,.,"A",789921
1,.,"A",789922
1,.,"A",789932
1,.,"A",789941
1,.,"A",789942
1,.,"A",789951
1,.,"A",789952
1,.,"A",789962
1,.,"A",789971
1,.,"A",789972
1,.,"A",789981
1,.,"A",789982
1,.,"A",789991
1,.,"A",789992
1,.,"A",790001
1,.,"A",790002
1,.,"A",790011
1,.,"A",790012
1,.,"A",790021
1,.,"A",790022
1,.,"A",790031
1,.,"A",790032
1,.,"A",790041
1,.,"A",790042
1,.,"A",790051
1,.,"A",790052
1,.,"A",790062
1,.,"A",790071
1,.,"A",790072
1,.,"A",790081
1,.,"A",790082
1,.,"A",790091
1,.,"A",790092
1,.,"A",790101
1,.,"A",790102
1,.,"A",790111
1,.,"A",790112
1,.,"A",790121
1,.,"A",790122
1,.,"A",790131
1,.,"A",790132
1,.,"A",790141
1,.,"A",790142
1,.,"A",790151
1,.,"A",790152
1,.,"A",790161
1,.,"A",790162
1,.,"A",790171
1,.,"A",790172
1,.,"A",790181
1,.,"A",790182
1,.,"A",790191
1,.,"A",790192
1,.,"A",790201
1,.,"A",790202
1,.,"A",790211
1,.,"A",790212
1,.,"A",790221
1,.,"A",790222
1,.,"A",790231
1,.,"A",790232
1,.,"A",790241
1,.,"A",790242
1,.,"A",790251
1,.,"A",790252
1,.,"A",790261
1,.,"A",790262
1,.,"A",790271
1,.,"A",790272
1,.,"A",790281
1,.,"A",790282
1,.,"A",790292
1,.,"A",790301
1,.,"A",790302
1,.,"A",790311
1,.,"A",790312
1,.,"A",790321
1,.,"A",790322
1,.,"A",790331
1,.,"A",790332
1,.,"A",790341
1,.,"A",790342
1,.,"A",790351
1,.,"A",790352
1,.,"A",790361
1,.,"A",790362
1,.,"A",790371
1,.,"A",790372
1,.,"A",790381
1,.,"A",790382
1,.,"A",790391
1,.,"A",790392
1,.,"A",790401
1,.,"A",790402
1,.,"A",790411
1,.,"A",790412
1,.,"A",790421
1,.,"A",790422
1,.,"A",790431
1,.,"A",790432
1,.,"A",790441
1,.,"A",790451
1,.,"A",790452
1,.,"A",790461
1,.,"A",790462
1,.,"A",790471
1,.,"A",790472
5,20,"D",790481
5,42,"D",790482
1,.,"A",790491
1,.,"A",790492
1,.,"A",790502
1,.,"A",790511
1,.,"A",790512
1,.,"A",790522
1,.,"A",790531
1,.,"A",790532
1,.,"A",790541
1,.,"A",790542
1,.,"A",790551
1,.,"A",790552
2,4,"D",790561
2,26,"D",790562
1,.,"A",790571
1,.,"A",790572
1,.,"A",790581
1,.,"A",790582
1,.,"A",790592
1,.,"A",790601
1,.,"A",790602
1,.,"A",790611
1,.,"A",790612
1,.,"A",790621
1,.,"A",790622
1,.,"A",790631
1,.,"A",790632
1,.,"A",790641
1,.,"A",790642
1,.,"A",790651
1,.,"A",790652
1,.,"A",790661
1,.,"A",790662
1,.,"A",790671
1,.,"A",790672
1,.,"A",790681
1,.,"A",790682
2,4,"D",790691
2,26,"D",790692
1,.,"A",790701
1,.,"A",790702
1,.,"A",790711
1,.,"A",790712
1,.,"A",790721
1,.,"A",790722
1,.,"A",790731
1,.,"A",790732
1,.,"A",790741
1,.,"A",790742
1,.,"A",790751
1,.,"A",790752
1,.,"A",790761
1,.,"A",790762
1,.,"A",790771
1,.,"A",790772
1,.,"A",790781
1,.,"A",790782
1,.,"A",790791
1,.,"A",790792
1,.,"A",790801
1,.,"A",790802
1,.,"A",790811
1,.,"A",790812
1,.,"A",790821
1,.,"A",790822
1,.,"A",790831
1,.,"A",790832
1,.,"A",790841
1,.,"A",790842
1,.,"A",790851
1,.,"A",790852
1,.,"A",790861
1,.,"A",790862
1,.,"A",790871
1,.,"A",790872
1,.,"A",790881
1,.,"A",790882
1,.,"A",790892
1,.,"A",790901
1,.,"A",790902
1,.,"A",790911
1,.,"A",790912
1,.,"A",790921
1,.,"A",790922
1,.,"A",790931
1,.,"A",790932
1,.,"A",790941
1,.,"A",790942
1,.,"A",790951
1,.,"A",790952
1,.,"A",790961
1,.,"A",790962
1,.,"A",790971
1,.,"A",790972
1,.,"A",790982
1,.,"A",790991
1,.,"A",790992
1,.,"A",791002
1,.,"A",791011
1,.,"A",791012
1,.,"A",791021
1,.,"A",791022
1,.,"A",791031
1,.,"A",791032
1,.,"A",791041
1,.,"A",791042
1,.,"A",791051
1,.,"A",791052
1,.,"A",791061
1,.,"A",791062
1,.,"A",791071
1,.,"A",791072
1,.,"A",791081
1,.,"A",791082
1,.,"A",791091
1,.,"A",791092
1,.,"A",791101
1,.,"A",791102
2,22,"D",791112
1,.,"A",791122
1,.,"A",791131
1,.,"A",791132
1,.,"A",791141
1,.,"A",791142
1,.,"A",791151
1,.,"A",791152
1,.,"A",791161
1,.,"A",791162
1,.,"A",791171
1,.,"A",791172
1,.,"A",791181
1,.,"A",791182
1,.,"A",791191
1,.,"A",791192
1,.,"A",791201
1,.,"A",791202
1,.,"A",791211
1,.,"A",791212
1,.,"A",791221
1,.,"A",791222
1,.,"A",791231
1,.,"A",791232
1,.,"A",791241
1,.,"A",791242
1,.,"A",791251
1,.,"A",791252
1,.,"A",791261
1,.,"A",791262
1,.,"A",791271
1,.,"A",791272
1,.,"A",791281
1,.,"A",791282
1,.,"A",791291
1,.,"A",791292
1,.,"A",791301
1,.,"A",791302
1,.,"A",791311
1,.,"A",791312
1,.,"A",791321
1,.,"A",791322
1,.,"A",791331
1,.,"A",791332
1,.,"A",791341
1,.,"A",791342
1,.,"A",791351
1,.,"A",791352
1,.,"A",791361
1,.,"A",791362
1,.,"A",791371
1,.,"A",791372
1,.,"A",791381
1,.,"A",791382
1,.,"A",791391
1,.,"A",791392
1,.,"A",791401
1,.,"A",791402
1,.,"A",791411
1,.,"A",791412
1,.,"A",791421
1,.,"A",791422
1,.,"A",791431
1,.,"A",791432
1,.,"A",791441
1,.,"A",791442
1,.,"A",791451
1,.,"A",791452
1,.,"A",791461
1,.,"A",791462
1,.,"A",791471
1,.,"A",791472
1,.,"A",791481
1,.,"A",791482
1,.,"A",791491
1,.,"A",791492
1,.,"A",791501
1,.,"A",791502
1,.,"A",791511
1,.,"A",791512
1,.,"A",791521
1,.,"A",791522
1,.,"A",791531
1,.,"A",791532
1,.,"A",791541
1,.,"A",791542
1,.,"A",791551
1,.,"A",791552
1,.,"A",791561
1,.,"A",791562
1,.,"A",791571
1,.,"A",791572
1,.,"A",791582
1,.,"A",791591
1,.,"A",791592
1,.,"A",791601
1,.,"A",791602
1,.,"A",791611
1,.,"A",791612
1,.,"A",791621
1,.,"A",791622
1,.,"A",791631
1,.,"A",791632
1,.,"A",791641
1,.,"A",791642
2,18,"D",791651
2,40,"D",791652
1,.,"A",791661
1,.,"A",791662
1,.,"A",791671
1,.,"A",791672
1,.,"A",791681
1,.,"A",791682
1,.,"A",791691
1,.,"A",791692
1,.,"A",791701
1,.,"A",791702
1,.,"A",791711
1,.,"A",791712
1,.,"A",791721
1,.,"A",791722
1,.,"A",791731
1,.,"A",791732
2,9,"D",791741
2,31,"D",791742
1,.,"A",791751
1,.,"A",791752
1,.,"A",791761
1,.,"A",791762
1,.,"A",791771
1,.,"A",791772
1,.,"A",791782
1,.,"A",791791
1,.,"A",791792
1,.,"A",791801
1,.,"A",791802
1,.,"A",791811
1,.,"A",791812
1,.,"A",791821
1,.,"A",791822
1,.,"A",791831
1,.,"A",791832
1,.,"A",791841
1,.,"A",791842
1,.,"A",791851
1,.,"A",791852
1,.,"A",791861
1,.,"A",791862
1,.,"A",791872
1,.,"A",791881
1,.,"A",791882
1,.,"A",791891
1,.,"A",791892
1,.,"A",791901
1,.,"A",791902
1,.,"A",791911
1,.,"A",791912
1,.,"A",791921
1,.,"A",791922
1,.,"A",791931
1,.,"A",791932
1,.,"A",791941
1,.,"A",791942
1,.,"A",791951
1,.,"A",791952
1,.,"A",791961
1,.,"A",791962
1,.,"A",791971
1,.,"A",791972
1,.,"A",791981
1,.,"A",791982
2,11,"D",791991
2,33,"D",791992
1,.,"A",792001
1,.,"A",792002
1,.,"A",792011
1,.,"A",792012
1,.,"A",792021
1,.,"A",792022
1,.,"A",792031
1,.,"A",792032
1,.,"A",792041
1,.,"A",792042
1,.,"A",792051
1,.,"A",792052
1,.,"A",792061
1,.,"A",792062
1,.,"A",792071
1,.,"A",792072
1,.,"A",792081
1,.,"A",792082
1,.,"A",792091
1,.,"A",792092
1,.,"A",792101
1,.,"A",792102
1,.,"A",792111
1,.,"A",792112
1,.,"A",792121
1,.,"A",792122
1,.,"A",792131
1,.,"A",792132
1,.,"A",792141
1,.,"A",792142
1,.,"A",792151
1,.,"A",792152
1,.,"A",792161
1,.,"A",792162
1,.,"A",792171
1,.,"A",792172
1,.,"A",792181
1,.,"A",792182
1,.,"A",792191
1,.,"A",792192
1,.,"A",792201
1,.,"A",792202
1,.,"A",792211
1,.,"A",792212
1,.,"A",792222
1,.,"A",792231
1,.,"A",792232
1,.,"A",792241
1,.,"A",792242
1,.,"A",792251
1,.,"A",792252
1,.,"A",792261
1,.,"A",792262
1,.,"A",792271
1,.,"A",792272
1,.,"A",792281
1,.,"A",792282
1,.,"A",792292
1,.,"A",792301
1,.,"A",792302
1,.,"A",792311
1,.,"A",792312
1,.,"A",792321
1,.,"A",792322
1,.,"A",792331
1,.,"A",792332
1,.,"A",792341
1,.,"A",792342
1,.,"A",792351
1,.,"A",792352
1,.,"A",792361
1,.,"A",792362
1,.,"A",792371
1,.,"A",792372
1,.,"A",792381
1,.,"A",792382
2,5,"D",792391
2,27,"D",792392
1,.,"A",792401
1,.,"A",792402
1,.,"A",792412
1,.,"A",792421
1,.,"A",792422
1,.,"A",792431
1,.,"A",792432
1,.,"A",792441
1,.,"A",792451
1,.,"A",792452
1,.,"A",792461
1,.,"A",792462
1,.,"A",792471
1,.,"A",792472
1,.,"A",792481
1,.,"A",792482
4,10,"D",792491
4,32,"D",792492
1,.,"A",792501
1,.,"A",792502
1,.,"A",792511
1,.,"A",792512
1,.,"A",792521
1,.,"A",792522
1,.,"A",792531
1,.,"A",792532
1,.,"A",792541
1,.,"A",792542
1,.,"A",792551
1,.,"A",792552
1,.,"A",792561
1,.,"A",792562
1,.,"A",792571
1,.,"A",792572
1,.,"A",792581
1,.,"A",792582
1,.,"A",792591
1,.,"A",792592
1,.,"A",792601
1,.,"A",792602
1,.,"A",792611
1,.,"A",792612
1,.,"A",792621
1,.,"A",792622
1,.,"A",792631
1,.,"A",792632
1,.,"A",792641
1,.,"A",792642
1,.,"A",792651
1,.,"A",792652
1,.,"A",792661
1,.,"A",792662
1,.,"A",792671
1,.,"A",792672
1,.,"A",792681
1,.,"A",792682
1,.,"A",792691
1,.,"A",792692
1,.,"A",792701
1,.,"A",792702
1,.,"A",792711
1,.,"A",792712
1,.,"A",792721
1,.,"A",792722
1,.,"A",792731
1,.,"A",792732
1,.,"A",792741
1,.,"A",792742
1,.,"A",792751
1,.,"A",792752
1,.,"A",792761
1,.,"A",792762
1,.,"A",792771
1,.,"A",792772
1,.,"A",792781
1,.,"A",792782
1,.,"A",792791
1,.,"A",792801
1,.,"A",792802
1,.,"A",792811
1,.,"A",792812
1,.,"A",792821
1,.,"A",792822
1,.,"A",792831
1,.,"A",792832
1,.,"A",792841
1,.,"A",792842
1,.,"A",792852
1,.,"A",792861
1,.,"A",792862
1,.,"A",792871
1,.,"A",792872
1,.,"A",792881
1,.,"A",792882
1,.,"A",792891
1,.,"A",792892
1,.,"A",792901
1,.,"A",792902
1,.,"A",792911
1,.,"A",792912
1,.,"A",792921
1,.,"A",792922
1,.,"A",792931
1,.,"A",792932
1,.,"A",792941
1,.,"A",792942
1,.,"A",792951
1,.,"A",792952
1,.,"A",792961
1,.,"A",792962
1,.,"A",792971
1,.,"A",792972
1,.,"A",792981
1,.,"A",792982
1,.,"A",792991
1,.,"A",792992
1,.,"A",793001
1,.,"A",793002
1,.,"A",793011
1,.,"A",793012
1,.,"A",793021
1,.,"A",793022
1,.,"A",793031
1,.,"A",793032
1,.,"A",793041
1,.,"A",793042
1,.,"A",793052
1,.,"A",793061
1,.,"A",793062
1,.,"A",793071
1,.,"A",793072
1,.,"A",793081
1,.,"A",793082
1,.,"A",793091
1,.,"A",793092
1,.,"A",793101
1,.,"A",793102
1,.,"A",793111
1,.,"A",793112
1,.,"A",793121
1,.,"A",793122
1,.,"A",793131
1,.,"A",793132
1,.,"A",793141
1,.,"A",793142
1,.,"A",793151
1,.,"A",793161
1,.,"A",793162
1,.,"A",793171
1,.,"A",793172
1,.,"A",793181
1,.,"A",793182
1,.,"A",793191
1,.,"A",793192
1,.,"A",793201
1,.,"A",793202
1,.,"A",793212
1,.,"A",793221
1,.,"A",793222
1,.,"A",793231
1,.,"A",793232
1,.,"A",793241
1,.,"A",793242
1,.,"A",793251
1,.,"A",793261
1,.,"A",793262
1,.,"A",793271
1,.,"A",793272
1,.,"A",793281
1,.,"A",793282
1,.,"A",793291
1,.,"A",793301
1,.,"A",793302
1,.,"A",793311
1,.,"A",793312
1,.,"A",793321
1,.,"A",793322
1,.,"A",793331
1,.,"A",793332
1,.,"A",793341
1,.,"A",793342
1,.,"A",793351
1,.,"A",793352
1,.,"A",793361
1,.,"A",793362
1,.,"A",793371
1,.,"A",793372
1,.,"A",793381
1,.,"A",793382
1,.,"A",793391
1,.,"A",793392
1,.,"A",793401
1,.,"A",793402
1,.,"A",793411
1,.,"A",793412
1,.,"A",793421
1,.,"A",793422
1,.,"A",793431
1,.,"A",793432
1,.,"A",793441
1,.,"A",793442
1,.,"A",793451
1,.,"A",793452
1,.,"A",793461
1,.,"A",793462
1,.,"A",793471
1,.,"A",793472
1,.,"A",793481
1,.,"A",793491
1,.,"A",793492
1,.,"A",793501
1,.,"A",793502
1,.,"A",793511
1,.,"A",793512
1,.,"A",793521
1,.,"A",793522
1,.,"A",793531
1,.,"A",793532
1,.,"A",793541
1,.,"A",793542
1,.,"A",793551
1,.,"A",793552
1,.,"A",793561
1,.,"A",793571
1,.,"A",793572
1,.,"A",793581
1,.,"A",793582
1,.,"A",793591
1,.,"A",793592
1,.,"A",793601
1,.,"A",793602
1,.,"A",793611
1,.,"A",793612
1,.,"A",793621
1,.,"A",793622
2,12,"D",793631
2,34,"D",793632
1,.,"A",793641
1,.,"A",793642
1,.,"A",793651
1,.,"A",793652
1,.,"A",793661
1,.,"A",793662
1,.,"A",793671
1,.,"A",793672
1,.,"A",793681
1,.,"A",793682
1,.,"A",793691
1,.,"A",793692
1,.,"A",793701
1,.,"A",793702
1,.,"A",793711
1,.,"A",793712
1,.,"A",793721
1,.,"A",793722
1,.,"A",793731
1,.,"A",793732
1,.,"A",793741
1,.,"A",793742
1,.,"A",793751
1,.,"A",793752
1,.,"A",793761
1,.,"A",793762
1,.,"A",793771
1,.,"A",793772
1,.,"A",793781
1,.,"A",793782
1,.,"A",793791
1,.,"A",793792
1,.,"A",793801
1,.,"A",793802
1,.,"A",793811
1,.,"A",793812
1,.,"A",793821
1,.,"A",793822
1,.,"A",793832
1,.,"A",793841
1,.,"A",793842
1,.,"A",793851
1,.,"A",793852
1,.,"A",793861
1,.,"A",793862
1,.,"A",793871
1,.,"A",793872
1,.,"A",793881
1,.,"A",793882
1,.,"A",793891
1,.,"A",793892
1,.,"A",793901
1,.,"A",793902
1,.,"A",793912
1,.,"A",793921
1,.,"A",793922
1,.,"A",793931
1,.,"A",793932
1,.,"A",793941
1,.,"A",793942
1,.,"A",793952
1,.,"A",793961
1,.,"A",793962
1,.,"A",793971
1,.,"A",793972
1,.,"A",793981
1,.,"A",793982
1,.,"A",793991
1,.,"A",793992
1,.,"A",794001
1,.,"A",794002
1,.,"A",794011
1,.,"A",794012
1,.,"A",794021
1,.,"A",794022
2,14,"D",794031
2,36,"D",794032
1,.,"A",794041
1,.,"A",794042
1,.,"A",794051
1,.,"A",794052
1,.,"A",794061
1,.,"A",794062
1,.,"A",794071
1,.,"A",794072
1,.,"A",794081
1,.,"A",794082
1,.,"A",794091
1,.,"A",794092
1,.,"A",794101
1,.,"A",794102
1,.,"A",794111
1,.,"A",794112
1,.,"A",794121
1,.,"A",794122
1,.,"A",794131
1,.,"A",794132
1,.,"A",794141
1,.,"A",794142
1,.,"A",794151
1,.,"A",794152
1,.,"A",794161
1,.,"A",794162
1,.,"A",794171
1,.,"A",794172
1,.,"A",794181
1,.,"A",794182
1,.,"A",794191
1,.,"A",794192
1,.,"A",794201
1,.,"A",794202
1,.,"A",794211
1,.,"A",794212
1,.,"A",794221
1,.,"A",794222
1,.,"A",794231
1,.,"A",794232
1,.,"A",794241
1,.,"A",794242
1,.,"A",794251
1,.,"A",794252
1,.,"A",794261
1,.,"A",794262
1,.,"A",794271
1,.,"A",794272
1,.,"A",794281
1,.,"A",794282
1,.,"A",794291
1,.,"A",794292
1,.,"A",794301
1,.,"A",794302
1,.,"A",794311
1,.,"A",794312
1,.,"A",794321
1,.,"A",794322
1,.,"A",794331
1,.,"A",794332
1,.,"A",794341
1,.,"A",794342
1,.,"A",794352
1,.,"A",794361
1,.,"A",794362
1,.,"A",794372
1,.,"A",794381
1,.,"A",794382
1,.,"A",794391
1,.,"A",794392
1,.,"A",794401
1,.,"A",794402
1,.,"A",794411
1,.,"A",794412
1,.,"A",794421
1,.,"A",794422
1,.,"A",794431
1,.,"A",794432
1,.,"A",794441
1,.,"A",794442
1,.,"A",794451
1,.,"A",794452
1,.,"A",794461
1,.,"A",794462
1,.,"A",794471
1,.,"A",794472
1,.,"A",794481
1,.,"A",794482
1,.,"A",794491
1,.,"A",794492
1,.,"A",794501
1,.,"A",794502
1,.,"A",794511
1,.,"A",794512
1,.,"A",794521
1,.,"A",794522
1,.,"A",794532
1,.,"A",794541
1,.,"A",794542
1,.,"A",794551
1,.,"A",794552
1,.,"A",794561
1,.,"A",794562
1,.,"A",794571
1,.,"A",794572
1,.,"A",794581
1,.,"A",794582
1,.,"A",794591
1,.,"A",794592
1,.,"A",794601
1,.,"A",794602
1,.,"A",794611
1,.,"A",794612
1,.,"A",794621
1,.,"A",794622
1,.,"A",794631
1,.,"A",794632
1,.,"A",794641
1,.,"A",794642
1,.,"A",794651
1,.,"A",794652
1,.,"A",794661
1,.,"A",794662
1,.,"A",794671
1,.,"A",794672
1,.,"A",794681
1,.,"A",794682
1,.,"A",794691
1,.,"A",794692
1,.,"A",794701
1,.,"A",794702
1,.,"A",794712
1,.,"A",794721
1,.,"A",794722
1,.,"A",794731
1,.,"A",794732
1,.,"A",794741
1,.,"A",794742
1,.,"A",794751
1,.,"A",794752
1,.,"A",794761
1,.,"A",794762
1,.,"A",794771
1,.,"A",794772
1,.,"A",794781
1,.,"A",794782
1,.,"A",794791
1,.,"A",794792
1,.,"A",794801
1,.,"A",794802
1,.,"A",794812
1,.,"A",794821
1,.,"A",794822
1,.,"A",794831
1,.,"A",794832
1,.,"A",794841
1,.,"A",794842
1,.,"A",794851
1,.,"A",794852
1,.,"A",794861
1,.,"A",794862
1,.,"A",794871
1,.,"A",794872
1,.,"A",794881
1,.,"A",794882
1,.,"A",794891
1,.,"A",794892
1,.,"A",794901
1,.,"A",794902
1,.,"A",794911
1,.,"A",794912
1,.,"A",794921
1,.,"A",794922
1,.,"A",794932
1,.,"A",794941
1,.,"A",794942
1,.,"A",794951
1,.,"A",794952
1,.,"A",794962
1,.,"A",794971
1,.,"A",794972
1,.,"A",794981
1,.,"A",794982
1,.,"A",794991
1,.,"A",794992
1,.,"A",795001
1,.,"A",795002
1,.,"A",795011
1,.,"A",795012
1,.,"A",795021
1,.,"A",795022
1,.,"A",795031
1,.,"A",795032
1,.,"A",795041
1,.,"A",795042
1,.,"A",795051
1,.,"A",795052
1,.,"A",795061
1,.,"A",795062
1,.,"A",795071
1,.,"A",795072
1,.,"A",795081
1,.,"A",795082
1,.,"A",795091
1,.,"A",795092
1,.,"A",795101
1,.,"A",795102
1,.,"A",795111
1,.,"A",795112
1,.,"A",795121
1,.,"A",795122
1,.,"A",795131
1,.,"A",795132
1,.,"A",795141
1,.,"A",795142
1,.,"A",795151
1,.,"A",795152
1,.,"A",795162
1,.,"A",795171
1,.,"A",795172
5,20,"D",795181
5,42,"D",795182
1,.,"A",795191
1,.,"A",795192
1,.,"A",795202
1,.,"A",795211
1,.,"A",795212
1,.,"A",795221
1,.,"A",795222
1,.,"A",795231
1,.,"A",795232
1,.,"A",795241
1,.,"A",795242
1,.,"A",795251
1,.,"A",795252
1,.,"A",795261
1,.,"A",795262
1,.,"A",795271
1,.,"A",795272
1,.,"A",795281
1,.,"A",795282
3,21,"D",795291
3,43,"D",795292
1,.,"A",795301
1,.,"A",795302
1,.,"A",795311
1,.,"A",795312
1,.,"A",795321
1,.,"A",795322
1,.,"A",795331
1,.,"A",795332
1,.,"A",795341
1,.,"A",795342
1,.,"A",795351
1,.,"A",795352
1,.,"A",795361
1,.,"A",795362
1,.,"A",795371
1,.,"A",795372
1,.,"A",795381
1,.,"A",795382
1,.,"A",795391
1,.,"A",795392
1,.,"A",795401
1,.,"A",795402
1,.,"A",795411
1,.,"A",795412
1,.,"A",795421
1,.,"A",795422
1,.,"A",795431
1,.,"A",795432
1,.,"A",795441
1,.,"A",795442
1,.,"A",795452
1,.,"A",795461
1,.,"A",795462
1,.,"A",795471
1,.,"A",795472
1,.,"A",795482
1,.,"A",795491
1,.,"A",795492
1,.,"A",795501
1,.,"A",795502
1,.,"A",795511
1,.,"A",795512
1,.,"A",795521
1,.,"A",795522
1,.,"A",795531
1,.,"A",795532
1,.,"A",795541
1,.,"A",795542
1,.,"A",795551
1,.,"A",795552
1,.,"A",795561
1,.,"A",795562
1,.,"A",795571
1,.,"A",795572
1,.,"A",795581
1,.,"A",795582
5,20,"D",795591
1,.,"A",795601
1,.,"A",795602
1,.,"A",795611
1,.,"A",795612
1,.,"A",795621
1,.,"A",795622
1,.,"A",795631
1,.,"A",795632
1,.,"A",795641
1,.,"A",795642
1,.,"A",795651
1,.,"A",795652
1,.,"A",795661
1,.,"A",795662
1,.,"A",795671
1,.,"A",795672
1,.,"A",795681
1,.,"A",795682
1,.,"A",795691
1,.,"A",795692
1,.,"A",795701
1,.,"A",795702
1,.,"A",795711
1,.,"A",795712
1,.,"A",795721
1,.,"A",795722
1,.,"A",795731
1,.,"A",795732
1,.,"A",795741
1,.,"A",795742
1,.,"A",795751
1,.,"A",795752
1,.,"A",795761
1,.,"A",795762
1,.,"A",795771
1,.,"A",795772
2,7,"D",795781
2,29,"D",795782
1,.,"A",795791
1,.,"A",795792
1,.,"A",795801
1,.,"A",795802
1,.,"A",795811
1,.,"A",795812
1,.,"A",795821
1,.,"A",795822
1,.,"A",795831
1,.,"A",795832
1,.,"A",795842
1,.,"A",795851
1,.,"A",795852
1,.,"A",795861
1,.,"A",795862
1,.,"A",795871
1,.,"A",795872
1,.,"A",795881
1,.,"A",795882
1,.,"A",795891
1,.,"A",795892
1,.,"A",795901
1,.,"A",795902
1,.,"A",795911
1,.,"A",795912
1,.,"A",795921
1,.,"A",795922
1,.,"A",795931
1,.,"A",795932
1,.,"A",795941
1,.,"A",795942
1,.,"A",795951
1,.,"A",795961
1,.,"A",795962
1,.,"A",795971
1,.,"A",795972
1,.,"A",795981
1,.,"A",795982
1,.,"A",795991
1,.,"A",795992
1,.,"A",796001
1,.,"A",796002
1,.,"A",796011
1,.,"A",796012
1,.,"A",796021
1,.,"A",796022
1,.,"A",796031
1,.,"A",796032
1,.,"A",796041
1,.,"A",796042
1,.,"A",796051
1,.,"A",796052
1,.,"A",796061
1,.,"A",796062
1,.,"A",796071
1,.,"A",796072
1,.,"A",796081
1,.,"A",796082
1,.,"A",796091
1,.,"A",796092
1,.,"A",796101
1,.,"A",796102
1,.,"A",796111
1,.,"A",796112
1,.,"A",796121
1,.,"A",796122
1,.,"A",796131
1,.,"A",796132
1,.,"A",796141
1,.,"A",796142
1,.,"A",796151
1,.,"A",796152
1,.,"A",796161
1,.,"A",796162
1,.,"A",796171
1,.,"A",796172
1,.,"A",796181
1,.,"A",796182
1,.,"A",796192
1,.,"A",796201
1,.,"A",796202
1,.,"A",796211
1,.,"A",796212
1,.,"A",796222
1,.,"A",796231
1,.,"A",796232
1,.,"A",796241
1,.,"A",796242
1,.,"A",796251
1,.,"A",796252
1,.,"A",796262
1,.,"A",796271
1,.,"A",796272
1,.,"A",796281
1,.,"A",796282
1,.,"A",796291
1,.,"A",796292
1,.,"A",796301
1,.,"A",796302
1,.,"A",796311
1,.,"A",796312
1,.,"A",796321
1,.,"A",796322
1,.,"A",796332
1,.,"A",796341
1,.,"A",796342
1,.,"A",796351
1,.,"A",796352
1,.,"A",796361
1,.,"A",796362
1,.,"A",796371
1,.,"A",796372
1,.,"A",796381
1,.,"A",796382
1,.,"A",796391
1,.,"A",796392
1,.,"A",796401
1,.,"A",796402
1,.,"A",796412
1,.,"A",796421
1,.,"A",796422
1,.,"A",796432
1,.,"A",796441
1,.,"A",796442
1,.,"A",796451
1,.,"A",796452
1,.,"A",796461
1,.,"A",796462
1,.,"A",796472
1,.,"A",796481
1,.,"A",796482
1,.,"A",796491
1,.,"A",796492
1,.,"A",796501
1,.,"A",796502
1,.,"A",796511
1,.,"A",796512
1,.,"A",796521
1,.,"A",796522
1,.,"A",796532
1,.,"A",796541
1,.,"A",796542
1,.,"A",796551
1,.,"A",796552
1,.,"A",796561
1,.,"A",796562
1,.,"A",796571
1,.,"A",796572
1,.,"A",796582
1,.,"A",796591
1,.,"A",796592
1,.,"A",796601
1,.,"A",796611
1,.,"A",796612
1,.,"A",796621
1,.,"A",796622
1,.,"A",796631
1,.,"A",796632
1,.,"A",796641
1,.,"A",796642
1,.,"A",796651
1,.,"A",796652
1,.,"A",796661
1,.,"A",796662
1,.,"A",796671
1,.,"A",796672
1,.,"A",796681
1,.,"A",796682
1,.,"A",796691
1,.,"A",796692
1,.,"A",796701
1,.,"A",796702
1,.,"A",796711
1,.,"A",796712
1,.,"A",796722
1,.,"A",796731
1,.,"A",796732
1,.,"A",796741
1,.,"A",796742
1,.,"A",796751
1,.,"A",796752
1,.,"A",796761
1,.,"A",796762
1,.,"A",796771
1,.,"A",796772
1,.,"A",796781
1,.,"A",796782
1,.,"A",796791
1,.,"A",796792
1,.,"A",796801
1,.,"A",796802
2,13,"D",796811
2,35,"D",796812
1,.,"A",796821
1,.,"A",796822
1,.,"A",796831
1,.,"A",796832
1,.,"A",796841
1,.,"A",796842
1,.,"A",796852
1,.,"A",796861
1,.,"A",796862
1,.,"A",796871
1,.,"A",796872
1,.,"A",796881
1,.,"A",796882
1,.,"A",796891
1,.,"A",796892
1,.,"A",796901
1,.,"A",796902
1,.,"A",796911
1,.,"A",796912
1,.,"A",796921
1,.,"A",796922
1,.,"A",796931
1,.,"A",796932
1,.,"A",796941
1,.,"A",796942
1,.,"A",796951
1,.,"A",796952
1,.,"A",796961
1,.,"A",796962
1,.,"A",796971
1,.,"A",796972
1,.,"A",796981
1,.,"A",796982
1,.,"A",796991
1,.,"A",796992
1,.,"A",797001
1,.,"A",797002
1,.,"A",797011
1,.,"A",797012
1,.,"A",797021
1,.,"A",797022
1,.,"A",797031
1,.,"A",797032
1,.,"A",797041
1,.,"A",797042
1,.,"A",797051
1,.,"A",797052
1,.,"A",797062
1,.,"A",797071
1,.,"A",797072
1,.,"A",797081
1,.,"A",797082
1,.,"A",797091
1,.,"A",797092
1,.,"A",797101
1,.,"A",797102
1,.,"A",797111
1,.,"A",797112
1,.,"A",797121
1,.,"A",797122
1,.,"A",797131
1,.,"A",797132
1,.,"A",797141
1,.,"A",797142
1,.,"A",797151
1,.,"A",797152
1,.,"A",797161
1,.,"A",797162
1,.,"A",797171
1,.,"A",797172
1,.,"A",797181
1,.,"A",797182
1,.,"A",797191
1,.,"A",797192
1,.,"A",797201
1,.,"A",797202
1,.,"A",797211
1,.,"A",797212
1,.,"A",797221
1,.,"A",797222
1,.,"A",797231
1,.,"A",797232
1,.,"A",797241
1,.,"A",797242
1,.,"A",797251
1,.,"A",797252
1,.,"A",797261
1,.,"A",797262
1,.,"A",797271
1,.,"A",797272
1,.,"A",797281
1,.,"A",797282
1,.,"A",797291
1,.,"A",797292
1,.,"A",797301
1,.,"A",797302
1,.,"A",797311
1,.,"A",797312
1,.,"A",797321
1,.,"A",797322
1,.,"A",797331
1,.,"A",797332
1,.,"A",797341
1,.,"A",797342
1,.,"A",797352
1,.,"A",797361
1,.,"A",797362
1,.,"A",797371
1,.,"A",797372
1,.,"A",797381
1,.,"A",797382
1,.,"A",797391
1,.,"A",797401
1,.,"A",797402
1,.,"A",797411
1,.,"A",797412
1,.,"A",797421
1,.,"A",797422
1,.,"A",797431
1,.,"A",797432
1,.,"A",797441
1,.,"A",797442
8,3,"D",797451
8,25,"D",797452
1,.,"A",797461
1,.,"A",797462
1,.,"A",797471
1,.,"A",797472
1,.,"A",797481
1,.,"A",797482
1,.,"A",797491
1,.,"A",797502
1,.,"A",797511
1,.,"A",797512
1,.,"A",797521
1,.,"A",797522
1,.,"A",797531
1,.,"A",797532
1,.,"A",797541
1,.,"A",797542
1,.,"A",797551
1,.,"A",797552
1,.,"A",797561
1,.,"A",797562
1,.,"A",797571
1,.,"A",797572
1,.,"A",797581
1,.,"A",797582
1,.,"A",797591
1,.,"A",797592
1,.,"A",797601
1,.,"A",797602
1,.,"A",797611
1,.,"A",797612
1,.,"A",797621
1,.,"A",797622
1,.,"A",797631
1,.,"A",797632
1,.,"A",797641
1,.,"A",797642
1,.,"A",797651
1,.,"A",797652
1,.,"A",797661
1,.,"A",797662
1,.,"A",797671
1,.,"A",797672
1,.,"A",797681
1,.,"A",797682
1,.,"A",797691
1,.,"A",797692
1,.,"A",797701
1,.,"A",797702
1,.,"A",797712
1,.,"A",797721
1,.,"A",797731
1,.,"A",797732
1,.,"A",797742
1,.,"A",797751
1,.,"A",797752
1,.,"A",797761
1,.,"A",797762
1,.,"A",797771
1,.,"A",797772
1,.,"A",797781
1,.,"A",797782
1,.,"A",797791
1,.,"A",797792
1,.,"A",797801
1,.,"A",797802
1,.,"A",797812
1,.,"A",797821
1,.,"A",797822
1,.,"A",797831
1,.,"A",797832
1,.,"A",797841
1,.,"A",797842
1,.,"A",797851
1,.,"A",797852
1,.,"A",797861
1,.,"A",797862
1,.,"A",797871
1,.,"A",797872
1,.,"A",797881
1,.,"A",797882
1,.,"A",797891
1,.,"A",797892
